objectid,filename,title,creator,date,description,subject,location,county,state,country,continent,latitude,longitude,source,identifier,type,format,language,rights,rightsstatement,dimensions,railroad,format_of_original
Zimmermann-06-001-002,access-zimmermann-06-001-002.jpg,Zimmermann-06-001-002,"Zimmermann, Karl",1977-07-16,"Andermatt, Switzerland, 7/16/77",,Andermatt,,,Switzerland,Europe,,,,,Still Image,image/jpeg,,© Center for Railroad Photography and Art,,6 x 6 cm,,Black-and-white film; Acetate film
Zimmermann-06-001-006,access-zimmermann-06-001-006.jpg,Zimmermann-06-001-006,"Zimmermann, Karl",1977-07-17,"Andermatt, Switzerland, 7/17/77, Glacier Express",,Andermatt,,,Switzerland,Europe,,,,,Still Image,image/jpeg,,© Center for Railroad Photography and Art,,6 x 6 cm,,Black-and-white film; Acetate film
Zimmermann-06-001-010,access-zimmermann-06-001-010.jpg,Zimmermann-06-001-010,"Zimmermann, Karl",1977-07-17,"Andermatt, Switzerland, 7/17/77, Glacier Express",,Andermatt,,,Switzerland,Europe,,,,,Still Image,image/jpeg,,© Center for Railroad Photography and Art,,6 x 6 cm,,Black-and-white film; Acetate film
Zimmermann-06-001-011,access-zimmermann-06-001-011.jpg,Zimmermann-06-001-011,"Zimmermann, Karl",1977-07-17,"En route from Andermatt, Switzerland, 7/17/77, Glacier Express",,,,,Switzerland,Europe,,,,,Still Image,image/jpeg,,© Center for Railroad Photography and Art,,6 x 6 cm,,Black-and-white film; Acetate film
Zimmermann-06-002-002,access-zimmermann-06-002-002.jpg,Zimmermann-06-002-002,"Zimmermann, Karl",1977-07-17,"Rhätische Bahn, Chur, 7/17/77",,Chur,,,Switzerland,Europe,,,,,Still Image,image/jpeg,,© Center for Railroad Photography and Art,,6 x 6 cm,Rhätische Bahn AG,Black-and-white film; Acetate film
Zimmermann-06-002-008,access-zimmermann-06-002-008.jpg,Zimmermann-06-002-008,"Zimmermann, Karl",1977-07-18,"Swiss Federal, Chur, 7/18/77",,Chur,,,Switzerland,Europe,,,,,Still Image,image/jpeg,,© Center for Railroad Photography and Art,,6 x 6 cm,SBB Swiss Federal Railways,Black-and-white film; Acetate film
Zimmermann-06-002-012,access-zimmermann-06-002-012.jpg,Zimmermann-06-002-012,"Zimmermann, Karl",1977-07-18,"Rhätische Bahn, Landquart, 7/18/77",,Landquart,,,Switzerland,Europe,,,,,Still Image,image/jpeg,,© Center for Railroad Photography and Art,,6 x 6 cm,Rhätische Bahn AG,Black-and-white film; Acetate film
Zimmermann-06-003-005,access-zimmermann-06-003-005.jpg,Zimmermann-06-003-005,"Zimmermann, Karl",1977-07-18,"Rhätische Bahn, Filisur, 7/18/77",,Filisur,,,Switzerland,Europe,,,,,Still Image,image/jpeg,,© Center for Railroad Photography and Art,,6 x 6 cm,Rhätische Bahn AG,Black-and-white film; Acetate film
Zimmermann-06-003-006,access-zimmermann-06-003-006.jpg,Zimmermann-06-003-006,"Zimmermann, Karl",1977-07-18,"Rhätische Bahn, Filisur, 7/18/77",,Filisur,,,Switzerland,Europe,,,,,Still Image,image/jpeg,,© Center for Railroad Photography and Art,,6 x 6 cm,Rhätische Bahn AG,Black-and-white film; Acetate film
Zimmermann-06-003-008,access-zimmermann-06-003-008.jpg,Zimmermann-06-003-008,"Zimmermann, Karl",1977-07-18,"Rhätische Bahn, Filisur, 7/18/77",,Filisur,,,Switzerland,Europe,,,,,Still Image,image/jpeg,,© Center for Railroad Photography and Art,,6 x 6 cm,Rhätische Bahn AG,Black-and-white film; Acetate film
Zimmermann-06-004-003,access-zimmermann-06-004-003.jpg,Zimmermann-06-004-003,"Zimmermann, Karl",1977-07-18,"Rhätische Bahn, Filisur, 7/18/77, Bernina Express",,Filisur,,,Switzerland,Europe,,,,,Still Image,image/jpeg,,© Center for Railroad Photography and Art,,6 x 6 cm,Rhätische Bahn AG,Black-and-white film; Acetate film
Zimmermann-06-004-005,access-zimmermann-06-004-005.jpg,Zimmermann-06-004-005,"Zimmermann, Karl",1977-07-18,"Rhätische Bahn, Filisur, 7/18/77",,Filisur,,,Switzerland,Europe,,,,,Still Image,image/jpeg,,© Center for Railroad Photography and Art,,6 x 6 cm,Rhätische Bahn AG,Black-and-white film; Acetate film
Zimmermann-06-004-009,access-zimmermann-06-004-009.jpg,Zimmermann-06-004-009,"Zimmermann, Karl",1977-07-18,"Rhätische Bahn, Filisur, 7/18/77",,Filisur,,,Switzerland,Europe,,,,,Still Image,image/jpeg,,© Center for Railroad Photography and Art,,6 x 6 cm,Rhätische Bahn AG,Black-and-white film; Acetate film
Zimmermann-06-005-007,access-zimmermann-06-005-007.jpg,Zimmermann-06-005-007,"Zimmermann, Karl",1977-07-18,"Rhätische Bahn, Filisur, 7/18/77",,Filisur,,,Switzerland,Europe,,,,,Still Image,image/jpeg,,© Center for Railroad Photography and Art,,6 x 6 cm,Rhätische Bahn AG,Black-and-white film; Acetate film
Zimmermann-06-005-010,access-zimmermann-06-005-010.jpg,Zimmermann-06-005-010,"Zimmermann, Karl",1977-07-18,"Rhätische Bahn, Samedam, 7/18/77",,Samedam,,,Switzerland,Europe,,,,,Still Image,image/jpeg,,© Center for Railroad Photography and Art,,6 x 6 cm,Rhätische Bahn AG,Black-and-white film; Acetate film
Zimmermann-06-006-009,access-zimmermann-06-006-009.jpg,Zimmermann-06-006-009,"Zimmermann, Karl",1977-07-19,"Rhätische Bahn, Chur, 7/19/77",,Chur,,,Switzerland,Europe,,,,,Still Image,image/jpeg,,© Center for Railroad Photography and Art,,6 x 6 cm,Rhätische Bahn AG,Black-and-white film; Acetate film
Zimmermann-06-006-012,access-zimmermann-06-006-012.jpg,Zimmermann-06-006-012,"Zimmermann, Karl",1977-07-19,"Rhätische Bahn, Chur, 7/19/77",,Chur,,,Switzerland,Europe,,,,,Still Image,image/jpeg,,© Center for Railroad Photography and Art,,6 x 6 cm,Rhätische Bahn AG,Black-and-white film; Acetate film
Zimmermann-06-007-003,access-zimmermann-06-007-003.jpg,Zimmermann-06-007-003,"Zimmermann, Karl",1977-07-19,"Rhätische Bahn, Chur, 7/19/77",,Chur,,,Switzerland,Europe,,,,,Still Image,image/jpeg,,© Center for Railroad Photography and Art,,6 x 6 cm,Rhätische Bahn AG,Black-and-white film; Acetate film
Zimmermann-06-007-008,access-zimmermann-06-007-008.jpg,Zimmermann-06-007-008,"Zimmermann, Karl",1977-07-19,"Rhätische Bahn, Chur, 7/19/77",,Chur,,,Switzerland,Europe,,,,,Still Image,image/jpeg,,© Center for Railroad Photography and Art,,6 x 6 cm,Rhätische Bahn AG,Black-and-white film; Acetate film
Zimmermann-06-007-012,access-zimmermann-06-007-012.jpg,Zimmermann-06-007-012,"Zimmermann, Karl",1977-07-19,"Rhätische Bahn, Chur, 7/19/77",,Chur,,,Switzerland,Europe,,,,,Still Image,image/jpeg,,© Center for Railroad Photography and Art,,6 x 6 cm,Rhätische Bahn AG,Black-and-white film; Acetate film
Zimmermann-06-008-007,access-zimmermann-06-008-007.jpg,Zimmermann-06-008-007,"Zimmermann, Karl",1977-07-19,"Swiss Federal, Manheim, 7/19/77",,Manheim,,,Switzerland,Europe,,,,,Still Image,image/jpeg,,© Center for Railroad Photography and Art,,6 x 6 cm,SBB Swiss Federal Railways,Black-and-white film; Acetate film
Zimmermann-06-008-009,access-zimmermann-06-008-009.jpg,Zimmermann-06-008-009,"Zimmermann, Karl",1977-07-19,"Swiss Federal, Manheim, 7/19/77",,Manheim,,,Switzerland,Europe,,,,,Still Image,image/jpeg,,© Center for Railroad Photography and Art,,6 x 6 cm,SBB Swiss Federal Railways,Black-and-white film; Acetate film
Zimmermann-06-008-010,access-zimmermann-06-008-010.jpg,Zimmermann-06-008-010,"Zimmermann, Karl",1977-07-19,"Swiss Federal, Manheim, 7/19/77",,Manheim,,,Switzerland,Europe,,,,,Still Image,image/jpeg,,© Center for Railroad Photography and Art,,6 x 6 cm,SBB Swiss Federal Railways,Black-and-white film; Acetate film
Zimmermann-06-009-006,access-zimmermann-06-009-006.jpg,Zimmermann-06-009-006,"Zimmermann, Karl",1977-08,"Valley RR, Connecticut, Aug 1977",,,,Connecticut,United States,North and Central America,,,,,Still Image,image/jpeg,,© Center for Railroad Photography and Art,,6 x 6 cm,Valley Railroad VALE,Black-and-white film; Acetate film
Zimmermann-06-010-008,access-zimmermann-06-010-008.jpg,Zimmermann-06-010-008,"Zimmermann, Karl",1977-08-20,"Texas + Pacific 2-10-4 #610 on Southern Railway, leased for steam program. South of Culpeper, VA, 8/20/1977",,Culpeper,,Virginia,United States,North and Central America,,,,,Still Image,image/jpeg,,© Center for Railroad Photography and Art,,6 x 6 cm,Southern Railway SOU,Black-and-white film; Acetate film
Zimmermann-06-010-011,access-zimmermann-06-010-011.jpg,Zimmermann-06-010-011,"Zimmermann, Karl",1977-08-20,"Texas + Pacific 2-10-4 #610 on Southern Railway, leased for steam program. Orange, VA, 8/20/77",,Orange,,Virginia,United States,North and Central America,,,,,Still Image,image/jpeg,,© Center for Railroad Photography and Art,,6 x 6 cm,Southern Railway SOU,Black-and-white film; Acetate film
Zimmermann-06-011-004,access-zimmermann-06-011-004.jpg,Zimmermann-06-011-004,"Zimmermann, Karl",1977-08-20,"Texas + Pacific 2-10-4 #610 on Southern Railway, leased for steam program. 8/20/77. Montpelier, VA",,Montpelier,,Virginia,United States,North and Central America,,,,,Still Image,image/jpeg,,© Center for Railroad Photography and Art,,6 x 6 cm,Southern Railway SOU,Black-and-white film; Acetate film
Zimmermann-06-011-010,access-zimmermann-06-011-010.jpg,Zimmermann-06-011-010,"Zimmermann, Karl",1977-08-20,"Texas + Pacific 2-10-4 #610 on Southern Railway, leased for steam program. 8/20/77. South of Charlottesville, VA",,Charlottesville,,Virginia,United States,North and Central America,,,,,Still Image,image/jpeg,,© Center for Railroad Photography and Art,,6 x 6 cm,Southern Railway SOU,Black-and-white film; Acetate film
Zimmermann-06-012-007,access-zimmermann-06-012-007.jpg,Zimmermann-06-012-007,"Zimmermann, Karl",1977-08-20,"Texas + Pacific 2-10-4 #610 on Southern Railway, leased for steam program. 8/20/77. Monroe, VA",,Monroe,,Virginia,United States,North and Central America,,,,,Still Image,image/jpeg,,© Center for Railroad Photography and Art,,6 x 6 cm,Southern Railway SOU,Black-and-white film; Acetate film
Zimmermann-06-016-001,access-zimmermann-06-016-001.jpg,Zimmermann-06-016-001,"Zimmermann, Karl",1977-09-24,"Delaware & Hudson, Wapwallopen, PA, 9/24/1977",,Wapwallopen,,Pennslyvania,United States,North and Central America,,,,,Still Image,image/jpeg,,© Center for Railroad Photography and Art,,6 x 6 cm,Delaware & Hudson Railway DH,Black-and-white film; Acetate film
Zimmermann-06-019-002,access-zimmermann-06-019-002.jpg,Zimmermann-06-019-002,"Zimmermann, Karl",1977-11-05,"Delaware & Hudson, Oneonta, NY. 703 / 7319 / 1714 (NW) / 1555 (NW). 11/5/77",,Oneonta,,New York state,United States,North and Central America,,,,,Still Image,image/jpeg,,© Center for Railroad Photography and Art,,6 x 6 cm,Delaware & Hudson Railway DH,Black-and-white film; Acetate film
Zimmermann-06-019-006,access-zimmermann-06-019-006.jpg,Zimmermann-06-019-006,"Zimmermann, Karl",1977-11-05,"Delaware & Hudson, Oneonta, NY. 703 / 7319 / 1714 (NW) / 1555 (NW). 11/5/77",,Oneonta,,New York state,United States,North and Central America,,,,,Still Image,image/jpeg,,© Center for Railroad Photography and Art,,6 x 6 cm,Delaware & Hudson Railway DH,Black-and-white film; Acetate film
Zimmermann-06-021-002,access-zimmermann-06-021-002.jpg,Zimmermann-06-021-002,"Zimmermann, Karl",1977-11-06,"Delaware & Hudson, Oneonta, NY. 11/6/77. FA - 7602 / 7315 / 7412 / 7420 - power for WR-2",,Oneonta,,New York state,United States,North and Central America,,,,,Still Image,image/jpeg,,© Center for Railroad Photography and Art,,6 x 6 cm,Delaware & Hudson Railway DH,Black-and-white film; Acetate film
Zimmermann-06-021-004,access-zimmermann-06-021-004.jpg,Zimmermann-06-021-004,"Zimmermann, Karl",1977-11-06,"Delaware & Hudson, Oneonta, NY. 11/6/77. FA - 7602 / 7315 / 7412 / 7420 - power for WR-2",,Oneonta,,New York state,United States,North and Central America,,,,,Still Image,image/jpeg,,© Center for Railroad Photography and Art,,6 x 6 cm,Delaware & Hudson Railway DH,Black-and-white film; Acetate film
Zimmermann-06-022-006,access-zimmermann-06-022-006.jpg,Zimmermann-06-022-006,"Zimmermann, Karl",1977-11-06,"Delaware & Hudson, Oneonta, NY. 11/6/77",,Oneonta,,New York state,United States,North and Central America,,,,,Still Image,image/jpeg,,© Center for Railroad Photography and Art,,6 x 6 cm,Delaware & Hudson Railway DH,Black-and-white film; Acetate film
Zimmermann-06-023-001,access-zimmermann-06-023-001.jpg,Zimmermann-06-023-001,"Zimmermann, Karl",1977-12-31,"Southern Railway, Atlanta, 12/31/77",,Atlanta,,Georgia,United States,North and Central America,,,,,Still Image,image/jpeg,,© Center for Railroad Photography and Art,,6 x 6 cm,Southern Railway SOU,Black-and-white film; Acetate film
Zimmermann-06-023-002,access-zimmermann-06-023-002.jpg,Zimmermann-06-023-002,"Zimmermann, Karl",1977-12-31,"Southern Railway, Atlanta, 12/31/77",,Atlanta,,Georgia,United States,North and Central America,,,,,Still Image,image/jpeg,,© Center for Railroad Photography and Art,,6 x 6 cm,Southern Railway SOU,Black-and-white film; Acetate film
Zimmermann-06-028-008,access-zimmermann-06-028-008.jpg,Zimmermann-06-028-008,"Zimmermann, Karl",1978-01-28,"Delaware & Hudson, Colonie, NY, 1/28/78",,Colonie,,New York state,United States,North and Central America,,,,,Still Image,image/jpeg,,© Center for Railroad Photography and Art,,6 x 6 cm,Delaware & Hudson Railway DH,Black-and-white film; Acetate film
Zimmermann-06-030-006,access-zimmermann-06-030-006.jpg,Zimmermann-06-030-006,"Zimmermann, Karl",1978-02-19,"Delaware & Hudson, WR-4, Central Bridge, NY, 2/19/78",,,,New York state,United States,North and Central America,,,,,Still Image,image/jpeg,,© Center for Railroad Photography and Art,,6 x 6 cm,Delaware & Hudson Railway DH,Black-and-white film; Acetate film
Zimmermann-06-030-011,access-zimmermann-06-030-011.jpg,Zimmermann-06-030-011,"Zimmermann, Karl",1978-02-19,"Delaware & Hudson, Cobleskill, NY, 2/19/78",,Cobleskill,,New York state,United States,North and Central America,,,,,Still Image,image/jpeg,,© Center for Railroad Photography and Art,,6 x 6 cm,Delaware & Hudson Railway DH,Black-and-white film; Acetate film
Zimmermann-06-032-001,access-zimmermann-06-032-001.jpg,Zimmermann-06-032-001,"Zimmermann, Karl",1978-02-19,"Cobleskill, NY, 2/19/78",,Cobleskill,,New York state,United States,North and Central America,,,,,Still Image,image/jpeg,,© Center for Railroad Photography and Art,,6 x 6 cm,,Black-and-white film; Acetate film
Zimmermann-06-032-007,access-zimmermann-06-032-007.jpg,Zimmermann-06-032-007,"Zimmermann, Karl",1978-02-19,"Cobleskill, NY, 2/19/78",,Cobleskill,,New York state,United States,North and Central America,,,,,Still Image,image/jpeg,,© Center for Railroad Photography and Art,,6 x 6 cm,,Black-and-white film; Acetate film
Zimmermann-06-032-009,access-zimmermann-06-032-009.jpg,Zimmermann-06-032-009,"Zimmermann, Karl",1978-02-19,"Delaware & Hudson, RW-1, summit of Richmondville Hill, 2/19/78",,Richmondville,,New York state,United States,North and Central America,,,,,Still Image,image/jpeg,,© Center for Railroad Photography and Art,,6 x 6 cm,Delaware & Hudson Railway DH,Black-and-white film; Acetate film
Zimmermann-06-033-001,access-zimmermann-06-033-001.jpg,Zimmermann-06-033-001,"Zimmermann, Karl",1978-02-19,"Delaware & Hudson, MB-1, 2/19/78, Richmondville Hill",,Richmondville,,New York state,United States,North and Central America,,,,,Still Image,image/jpeg,,© Center for Railroad Photography and Art,,6 x 6 cm,Delaware & Hudson Railway DH,Black-and-white film; Acetate film
Zimmermann-06-033-002,access-zimmermann-06-033-002.jpg,Zimmermann-06-033-002,"Zimmermann, Karl",1978-02-19,"Delaware & Hudson, MB-1, 2/19/78, Richmondville Hill",,Richmondville,,New York state,United States,North and Central America,,,,,Still Image,image/jpeg,,© Center for Railroad Photography and Art,,6 x 6 cm,Delaware & Hudson Railway DH,Black-and-white film; Acetate film
Zimmermann-06-033-011,access-zimmermann-06-033-011.jpg,Zimmermann-06-033-011,"Zimmermann, Karl",1978-02-19,"Delaware & Hudson, helpers 501/412, 2/19/78, Mohawk",,Mohawk,,New York state,United States,North and Central America,,,,,Still Image,image/jpeg,,© Center for Railroad Photography and Art,,6 x 6 cm,Delaware & Hudson Railway DH,Black-and-white film; Acetate film
Zimmermann-06-035-009,access-zimmermann-06-035-009.jpg,Zimmermann-06-035-009,"Zimmermann, Karl",1978-03-21,"Bangor & Aroostook, ON-44, 108 cars, 44/57/71/54/45, No. Me. Jct. 3/21/78",,,,Maine,United States,North and Central America,,,,,Still Image,image/jpeg,,© Center for Railroad Photography and Art,,6 x 6 cm,Bangor & Aroostook Railroad BAR,Black-and-white film; Acetate film
Zimmermann-06-036-003,access-zimmermann-06-036-003.jpg,Zimmermann-06-036-003,"Zimmermann, Karl",1978-03-22,"Bangor & Aroostook, above Searsport local, 3/22/78, power: 75/42/71, caboose: C-82, Wayne Duplisea (sp?) - engineer, Cleon Cole - conductor",,,,Maine,United States,North and Central America,,,,,Still Image,image/jpeg,,© Center for Railroad Photography and Art,,35 mm,Bangor & Aroostook Railroad BAR,Black-and-white film; Acetate film
Zimmermann-06-036-012,access-zimmermann-06-036-012.jpg,Zimmermann-06-036-012,"Zimmermann, Karl",1978-03-22,"Bangor & Aroostook, above Searsport local, 3/22/78, power: 75/42/71, caboose: C-82, Wayne Duplisea (sp?) - engineer, Cleon Cole - conductor",,,,Maine,United States,North and Central America,,,,,Still Image,image/jpeg,,© Center for Railroad Photography and Art,,35 mm,Bangor & Aroostook Railroad BAR,Black-and-white film; Acetate film
Zimmermann-06-036-015,access-zimmermann-06-036-015.jpg,Zimmermann-06-036-015,"Zimmermann, Karl",1978-03-22,"Bangor & Aroostook, above Searsport local, 3/22/78, power: 75/42/71, caboose: C-82, Wayne Duplisea (sp?) - engineer, Cleon Cole - conductor",,,,Maine,United States,North and Central America,,,,,Still Image,image/jpeg,,© Center for Railroad Photography and Art,,35 mm,Bangor & Aroostook Railroad BAR,Black-and-white film; Acetate film
Zimmermann-06-037-002,access-zimmermann-06-037-002.jpg,Zimmermann-06-037-002,"Zimmermann, Karl",1978-03-22,"Bangor & Aroostook, Searsport, 3/22/78",,Searsport,,Maine,United States,North and Central America,,,,,Still Image,image/jpeg,,© Center for Railroad Photography and Art,,6 x 6 cm,Bangor & Aroostook Railroad BAR,Black-and-white film; Acetate film
Zimmermann-06-037-007,access-zimmermann-06-037-007.jpg,Zimmermann-06-037-007,"Zimmermann, Karl",1978-03-22,"Bangor & Aroostook, Herman Yd, Cleon Cole (conductor), 3/22/78",,Hermon,,Maine,United States,North and Central America,,,,,Still Image,image/jpeg,,© Center for Railroad Photography and Art,,6 x 6 cm,Bangor & Aroostook Railroad BAR,Black-and-white film; Acetate film
Zimmermann-06-037-008,access-zimmermann-06-037-008.jpg,Zimmermann-06-037-008,"Zimmermann, Karl",1978-03-22,"Bangor & Aroostook, Herman Yd, Cleon Cole (conductor), 3/22/78",,Hermon,,Maine,United States,North and Central America,,,,,Still Image,image/jpeg,,© Center for Railroad Photography and Art,,6 x 6 cm,Bangor & Aroostook Railroad BAR,Black-and-white film; Acetate film
Zimmermann-06-038-004,access-zimmermann-06-038-004.jpg,Zimmermann-06-038-004,"Zimmermann, Karl",1978-03-23,"Bangor & Aroostook, switcher 50/72, Millinocket, 3/23/1978",,Millinocket,,Maine,United States,North and Central America,,,,,Still Image,image/jpeg,,© Center for Railroad Photography and Art,,6 x 6 cm,Bangor & Aroostook Railroad BAR,Black-and-white film; Acetate film
Zimmermann-06-039-009,access-zimmermann-06-039-009.jpg,Zimmermann-06-039-009,"Zimmermann, Karl",1978-03-23,"Bangor & Aroostook, Millinocket, 3/23/1978",,Millinocket,,Maine,United States,North and Central America,,,,,Still Image,image/jpeg,,© Center for Railroad Photography and Art,,6 x 6 cm,Bangor & Aroostook Railroad BAR,Black-and-white film; Acetate film
Zimmermann-06-039-011,access-zimmermann-06-039-011.jpg,Zimmermann-06-039-011,"Zimmermann, Karl",1978-03-23,"Bangor & Aroostook, Millinocket, 3/23/1978",,Millinocket,,Maine,United States,North and Central America,,,,,Still Image,image/jpeg,,© Center for Railroad Photography and Art,,6 x 6 cm,Bangor & Aroostook Railroad BAR,Black-and-white film; Acetate film
Zimmermann-06-040-001,access-zimmermann-06-040-001.jpg,Zimmermann-06-040-001,"Zimmermann, Karl",1978-03-23,"Bangor & Aroostook, Millinocket, 3/23/1978, heading to Great Northern Paper in Millinocket",,Millinocket,,Maine,United States,North and Central America,,,,,Still Image,image/jpeg,,© Center for Railroad Photography and Art,,6 x 6 cm,Bangor & Aroostook Railroad BAR,Black-and-white film; Acetate film
Zimmermann-06-041-012,access-zimmermann-06-041-012.jpg,Zimmermann-06-041-012,"Zimmermann, Karl",1978-03-23,"Bangor & Aroostook, Millinocket, 3/23/1978",,Millinocket,,Maine,United States,North and Central America,,,,,Still Image,image/jpeg,,© Center for Railroad Photography and Art,,6 x 6 cm,Bangor & Aroostook Railroad BAR,Black-and-white film; Acetate film
Zimmermann-06-042-001,access-zimmermann-06-042-001.jpg,Zimmermann-06-042-001,"Zimmermann, Karl",1978-03-23,"Bangor & Aroostook, Millinocket, 3/23/1978",,Millinocket,,Maine,United States,North and Central America,,,,,Still Image,image/jpeg,,© Center for Railroad Photography and Art,,6 x 6 cm,Bangor & Aroostook Railroad BAR,Black-and-white film; Acetate film
Zimmermann-06-043-005,access-zimmermann-06-043-005.jpg,Zimmermann-06-043-005,"Zimmermann, Karl",1978-03-23,"Bangor & Aroostook, Oakfield, 3/23/1978, (illegible) 68/65 power for no. 57, 49/51/55/56/44 power for ON-44",,Oakfield,,Maine,United States,North and Central America,,,,,Still Image,image/jpeg,,© Center for Railroad Photography and Art,,6 x 6 cm,Bangor & Aroostook Railroad BAR,Black-and-white film; Acetate film
Zimmermann-06-043-006,access-zimmermann-06-043-006.jpg,Zimmermann-06-043-006,"Zimmermann, Karl",1978-03-23,"Bangor & Aroostook, Oakfield, 3/23/1978, (illegible) 68/65 power for no. 57, 49/51/55/56/44 power for ON-44",,Oakfield,,Maine,United States,North and Central America,,,,,Still Image,image/jpeg,,© Center for Railroad Photography and Art,,6 x 6 cm,Bangor & Aroostook Railroad BAR,Black-and-white film; Acetate film
Zimmermann-06-043-009,access-zimmermann-06-043-009.jpg,Zimmermann-06-043-009,"Zimmermann, Karl",1978-03-23,"Bangor & Aroostook, Oakfield, 3/23/1978, (illegible) 68/65 power for no. 57, 49/51/55/56/44 power for ON-44",,Oakfield,,Maine,United States,North and Central America,,,,,Still Image,image/jpeg,,© Center for Railroad Photography and Art,,6 x 6 cm,Bangor & Aroostook Railroad BAR,Black-and-white film; Acetate film
Zimmermann-06-043-012,access-zimmermann-06-043-012.jpg,Zimmermann-06-043-012,"Zimmermann, Karl",1978-03-23,"Bangor & Aroostook, Oakfield, 3/23/1978, ON-44 leaving Oakfield, 36/32 (illegible)",,Oakfield,,Maine,United States,North and Central America,,,,,Still Image,image/jpeg,,© Center for Railroad Photography and Art,,6 x 6 cm,Bangor & Aroostook Railroad BAR,Black-and-white film; Acetate film
Zimmermann-06-044-002,access-zimmermann-06-044-002.jpg,Zimmermann-06-044-002,"Zimmermann, Karl",1978-03-23,"Bangor & Aroostook, ON-44 49/51/55/56/44, 3/23/78, Island Falls",,Island Falls,,Maine,United States,North and Central America,,,,,Still Image,image/jpeg,,© Center for Railroad Photography and Art,,6 x 6 cm,Bangor & Aroostook Railroad BAR,Black-and-white film; Acetate film
Zimmermann-06-044-010,access-zimmermann-06-044-010.jpg,Zimmermann-06-044-010,"Zimmermann, Karl",1978-03-23,"Bangor & Aroostook, ON-44 49/51/55/56/44, 3/23/78, Millinocket",,Millinocket,,Maine,United States,North and Central America,,,,,Still Image,image/jpeg,,© Center for Railroad Photography and Art,,6 x 6 cm,Bangor & Aroostook Railroad BAR,Black-and-white film; Acetate film
Zimmermann-06-045-002,access-zimmermann-06-045-002.jpg,Zimmermann-06-045-002,"Zimmermann, Karl",1978-03-23,"Bangor & Aroostook, switcher 50/72, 3/23/78",,,,Maine,United States,North and Central America,,,,,Still Image,image/jpeg,,© Center for Railroad Photography and Art,,6 x 6 cm,Bangor & Aroostook Railroad BAR,Black-and-white film; Acetate film
Zimmermann-06-046-002,access-zimmermann-06-046-002.jpg,Zimmermann-06-046-002,"Zimmermann, Karl",1978-03-24,"Bangor & Aroostook, 57/63, Searsport, 3/24/78",,Searsport,,Maine,United States,North and Central America,,,,,Still Image,image/jpeg,,© Center for Railroad Photography and Art,,6 x 6 cm,Bangor & Aroostook Railroad BAR,Black-and-white film; Acetate film
Zimmermann-06-046-012,access-zimmermann-06-046-012.jpg,Zimmermann-06-046-012,"Zimmermann, Karl",1978-03-24,"Bangor & Aroostook, 57/63, Searsport, 3/24/78",,Searsport,,Maine,United States,North and Central America,,,,,Still Image,image/jpeg,,© Center for Railroad Photography and Art,,6 x 6 cm,Bangor & Aroostook Railroad BAR,Black-and-white film; Acetate film
Zimmermann-06-047-003,access-zimmermann-06-047-003.jpg,Zimmermann-06-047-003,"Zimmermann, Karl",1978-03-24,"Bangor & Aroostook, Frankfort, 3/24/78",,Frankfort,,Maine,United States,North and Central America,,,,,Still Image,image/jpeg,,© Center for Railroad Photography and Art,,6 x 6 cm,Bangor & Aroostook Railroad BAR,Black-and-white film; Acetate film
Zimmermann-06-047-004,access-zimmermann-06-047-004.jpg,Zimmermann-06-047-004,"Zimmermann, Karl",1978-03-24,"Bangor & Aroostook, Frankfort, 3/24/78",,Frankfort,,Maine,United States,North and Central America,,,,,Still Image,image/jpeg,,© Center for Railroad Photography and Art,,6 x 6 cm,Bangor & Aroostook Railroad BAR,Black-and-white film; Acetate film
Zimmermann-06-048-004,access-zimmermann-06-048-004.jpg,Zimmermann-06-048-004,"Zimmermann, Karl",1978-04-09,"Special for Applied Devices, LI electronics firm. Trip: 4 days to Chicago, 1 day on IC, 1 day back on B-way. GG1 4935, George Pins' cars, including business car Pennsylvania 120. Portal, 4/9/78",,,,,United States,North and Central America,,,,,Still Image,image/jpeg,,© Center for Railroad Photography and Art,,6 x 6 cm,,Black-and-white film; Acetate film
Zimmermann-06-048-008,access-zimmermann-06-048-008.jpg,Zimmermann-06-048-008,"Zimmermann, Karl",1978-04-09,"Special for Applied Devices, LI electronics firm. Trip: 4 days to Chicago, 1 day on IC, 1 day back on B-way. GG1 4935, George Pins' cars, including business car Pennsylvania 120. (location illegible), 4/9/78",,,,,United States,North and Central America,,,,,Still Image,image/jpeg,,© Center for Railroad Photography and Art,,6 x 6 cm,,Black-and-white film; Acetate film
Zimmermann-06-048-011,access-zimmermann-06-048-011.jpg,Zimmermann-06-048-011,"Zimmermann, Karl",1978-04-09,"Special for Applied Devices, LI electronics firm. Trip: 4 days to Chicago, 1 day on IC, 1 day back on B-way. GG1 4935, George Pins' cars, including business car Pennsylvania 120. (location illegible), 4/9/78",,,,,United States,North and Central America,,,,,Still Image,image/jpeg,,© Center for Railroad Photography and Art,,6 x 6 cm,,Black-and-white film; Acetate film
Zimmermann-06-049-002,access-zimmermann-06-049-002.jpg,Zimmermann-06-049-002,"Zimmermann, Karl",1978-04-09,"George Pins special with GG1 4935 and business car Pennsylvania 120, Gap, PA, 4/9/1978",,Gap,,Pennsylvania,United States,North and Central America,,,,,Still Image,image/jpeg,,© Center for Railroad Photography and Art,,6 x 6 cm,,Black-and-white film; Acetate film
Zimmermann-06-049-004,access-zimmermann-06-049-004.jpg,Zimmermann-06-049-004,"Zimmermann, Karl",1978-04-09,"George Pins special with GG1 4935 and business car Pennsylvania 120, Coatesville, PA, 4/9/1978",,Coatesville,,Pennsylvania,United States,North and Central America,,,,,Still Image,image/jpeg,,© Center for Railroad Photography and Art,,6 x 6 cm,,Black-and-white film; Acetate film
Zimmermann-06-052-003,access-zimmermann-06-052-003.jpg,Zimmermann-06-052-003,"Zimmermann, Karl",1978-05-30,"Erie Lackawanna, New Jersey, 5/30/78, Lackawanna MU's - parlors",,,,New Jersey,United States,North and Central America,,,,,Still Image,image/jpeg,,© Center for Railroad Photography and Art,,6 x 6 cm,Erie Lackawanna Railway EL,Black-and-white film; Acetate film
Zimmermann-06-052-006,access-zimmermann-06-052-006.jpg,Zimmermann-06-052-006,"Zimmermann, Karl",1978-05-30,"Erie Lackawanna, New Jersey, 5/30/78, Lackawanna MU's - parlors",,,,New Jersey,United States,North and Central America,,,,,Still Image,image/jpeg,,© Center for Railroad Photography and Art,,6 x 6 cm,Erie Lackawanna Railway EL,Black-and-white film; Acetate film
Zimmermann-06-052-008,access-zimmermann-06-052-008.jpg,Zimmermann-06-052-008,"Zimmermann, Karl",1978-05-30,"Erie Lackawanna, New Jersey, 5/30/78, Lackawanna MU's - parlors",,,,New Jersey,United States,North and Central America,,,,,Still Image,image/jpeg,,© Center for Railroad Photography and Art,,6 x 6 cm,Erie Lackawanna Railway EL,Black-and-white film; Acetate film
Zimmermann-06-053-008,access-zimmermann-06-053-008.jpg,Zimmermann-06-053-008,"Zimmermann, Karl",1978-05-30,"Erie Lackawanna, Short Hills, New Jersey, 5/30/78, Lackawanna MU's - parlors",,Short Hills,,New Jersey,United States,North and Central America,,,,,Still Image,image/jpeg,,© Center for Railroad Photography and Art,,6 x 6 cm,Erie Lackawanna Railway EL,Black-and-white film; Acetate film
Zimmermann-06-054-002,access-zimmermann-06-054-002.jpg,Zimmermann-06-054-002,"Zimmermann, Karl",1978-06-16,"Roa Hook - Bear Mtn, NY, 6/16/78, Amtrak turboliner",,,,New York state,United States,North and Central America,,,,,Still Image,image/jpeg,,© Center for Railroad Photography and Art,,6 x 6 cm,Amtrak (National Railroad Passenger Corporation) AMTK,Black-and-white film; Acetate film
Zimmermann-06-054-003,access-zimmermann-06-054-003.jpg,Zimmermann-06-054-003,"Zimmermann, Karl",1978-06-16,"Roa Hook - Bear Mtn, NY, 6/16/78",,,,New York state,United States,North and Central America,,,,,Still Image,image/jpeg,,© Center for Railroad Photography and Art,,6 x 6 cm,,Black-and-white film; Acetate film
Zimmermann-06-054-008,access-zimmermann-06-054-008.jpg,Zimmermann-06-054-008,"Zimmermann, Karl",1978-06-16,"Roa Hook - Bear Mtn, NY, 6/16/78, Amtrak turboliner",,,,New York state,United States,North and Central America,,,,,Still Image,image/jpeg,,© Center for Railroad Photography and Art,,6 x 6 cm,Amtrak (National Railroad Passenger Corporation) AMTK,Black-and-white film; Acetate film
Zimmermann-06-054-009,access-zimmermann-06-054-009.jpg,Zimmermann-06-054-009,"Zimmermann, Karl",1978-06-16,"Roa Hook - Bear Mtn, NY, 6/16/78, Amtrak turboliner",,,,New York state,United States,North and Central America,,,,,Still Image,image/jpeg,,© Center for Railroad Photography and Art,,6 x 6 cm,Amtrak (National Railroad Passenger Corporation) AMTK,Black-and-white film; Acetate film
Zimmermann-06-054-011,access-zimmermann-06-054-011.jpg,Zimmermann-06-054-011,"Zimmermann, Karl",1978-06-23,"La Grande, OR, 6/23/78",,La Grande,,Oregon,United States,North and Central America,,,,,Still Image,image/jpeg,,© Center for Railroad Photography and Art,,6 x 6 cm,,Black-and-white film; Acetate film
Zimmermann-06-055-004,access-zimmermann-06-055-004.jpg,Zimmermann-06-055-004,"Zimmermann, Karl",1978-06-23,"Special train for opening of (illegible) yard, (town illegible), OR, 6/23/78",,,,Oregon,United States,North and Central America,,,,,Still Image,image/jpeg,,© Center for Railroad Photography and Art,,6 x 6 cm,,Black-and-white film; Acetate film
Zimmermann-06-058-004,access-zimmermann-06-058-004.jpg,Zimmermann-06-058-004,"Zimmermann, Karl",1978-06-28,"Canadian Pacific's Princess Patricia and White Pass + Yukon Railroad, Skagway, Alaska, 6/28/78",,Skagway,,Alaska,United States,North and Central America,,,,,Still Image,image/jpeg,,© Center for Railroad Photography and Art,,6 x 6 cm,,Black-and-white film; Acetate film
Zimmermann-06-058-008,access-zimmermann-06-058-008.jpg,Zimmermann-06-058-008,"Zimmermann, Karl",1978-06-28,"Canadian Pacific's Princess Patricia and White Pass + Yukon Railroad, Skagway, Alaska, 6/28/78",,Skagway,,Alaska,United States,North and Central America,,,,,Still Image,image/jpeg,,© Center for Railroad Photography and Art,,6 x 6 cm,,Black-and-white film; Acetate film
Zimmermann-06-058-011,access-zimmermann-06-058-011.jpg,Zimmermann-06-058-011,"Zimmermann, Karl",1978-06-28,"Canadian Pacific's Princess Patricia and White Pass + Yukon Railroad, Lake Bennett, 6/28/78",,,,British Columbia,Canada,North and Central America,,,,,Still Image,image/jpeg,,© Center for Railroad Photography and Art,,6 x 6 cm,,Black-and-white film; Acetate film
Zimmermann-06-060-001,access-zimmermann-06-060-001.jpg,Zimmermann-06-060-001,"Zimmermann, Karl",1978-06-28,"White Pass + Yukon Railroad, Skagway, AK, 6/28/1978",,Skagway,,Alaska,United States,North and Central America,,,,,Still Image,image/jpeg,,© Center for Railroad Photography and Art,,6 x 6 cm,White Pass & Yukon Route WPY,Black-and-white film; Acetate film
Zimmermann-06-060-010,access-zimmermann-06-060-010.jpg,Zimmermann-06-060-010,"Zimmermann, Karl",1978-06-28,"White Pass + Yukon Railroad, Skagway, AK, 6/28/1978",,Skagway,,Alaska,United States,North and Central America,,,,,Still Image,image/jpeg,,© Center for Railroad Photography and Art,,6 x 6 cm,White Pass & Yukon Route WPY,Black-and-white film; Acetate film
Zimmermann-06-061-002,access-zimmermann-06-061-002.jpg,Zimmermann-06-061-002,"Zimmermann, Karl",1978-06-28,"White Pass + Yukon Railroad, Skagway, AK, 6/28/1978",,Skagway,,Alaska,United States,North and Central America,,,,,Still Image,image/jpeg,,© Center for Railroad Photography and Art,,6 x 6 cm,White Pass & Yukon Route WPY,Black-and-white film; Acetate film
Zimmermann-06-063-004,access-zimmermann-06-063-004.jpg,Zimmermann-06-063-004,"Zimmermann, Karl",1978-06-28,"Canadian Pacific's Princess Patricia and WP+Y container ship Klondike, Skagway, AK, 6/28/78",,Skagway,,Alaska,United States,North and Central America,,,,,Still Image,image/jpeg,,© Center for Railroad Photography and Art,,6 x 6 cm,Canadian Pacific Railway CP; White Pass & Yukon Route WPY,Black-and-white film; Acetate film
Zimmermann-06-063-011,access-zimmermann-06-063-011.jpg,Zimmermann-06-063-011,"Zimmermann, Karl",1978-06-28,"White Pass + Yukon Railroad, Skagway, AK, 6/28/1978",,Skagway,,Alaska,United States,North and Central America,,,,,Still Image,image/jpeg,,© Center for Railroad Photography and Art,,6 x 6 cm,White Pass & Yukon Route WPY,Black-and-white film; Acetate film
Zimmermann-06-063-012,access-zimmermann-06-063-012.jpg,Zimmermann-06-063-012,"Zimmermann, Karl",1978-06-28,"White Pass + Yukon Railroad, Skagway, AK, 6/28/1978",,Skagway,,Alaska,United States,North and Central America,,,,,Still Image,image/jpeg,,© Center for Railroad Photography and Art,,6 x 6 cm,White Pass & Yukon Route WPY,Black-and-white film; Acetate film
Zimmermann-06-066-004,access-zimmermann-06-066-004.jpg,Zimmermann-06-066-004,"Zimmermann, Karl",1978-06-30,"VIA (Canadian National) Skeena waiting to go to Prince George and Jasper, Prince Rupert, British Columbia, 6/30/78",,Prince Rupert,,British Columbia,Canada,North and Central America,,,,,Still Image,image/jpeg,,© Center for Railroad Photography and Art,,6 x 6 cm,Via Rail Canada VIA,Black-and-white film; Acetate film
Zimmermann-06-066-009,access-zimmermann-06-066-009.jpg,Zimmermann-06-066-009,"Zimmermann, Karl",1978-06-30,"VIA (Canadian National) Skeena waiting to go to Prince George and Jasper, Prince Rupert, British Columbia, 6/30/78",,Prince Rupert,,British Columbia,Canada,North and Central America,,,,,Still Image,image/jpeg,,© Center for Railroad Photography and Art,,6 x 6 cm,Via Rail Canada VIA,Black-and-white film; Acetate film
Zimmermann-06-071-002,access-zimmermann-06-071-002.jpg,Zimmermann-06-071-002,"Zimmermann, Karl",1978-07-11,"Rio Grande Zephyr, en route eastbound, 7/11/78",,,,,United States,North and Central America,,,,,Still Image,image/jpeg,,© Center for Railroad Photography and Art,,35 mm,Denver & Rio Grande Western Railroad DRGW,Black-and-white film; Acetate film
Zimmermann-06-071-007,access-zimmermann-06-071-007.jpg,Zimmermann-06-071-007,"Zimmermann, Karl",1978-07-11,"Rio Grande Zephyr, en route eastbound, 7/11/78",,,,,United States,North and Central America,,,,,Still Image,image/jpeg,,© Center for Railroad Photography and Art,,35 mm,Denver & Rio Grande Western Railroad DRGW,Black-and-white film; Acetate film
Zimmermann-06-072-001,access-zimmermann-06-072-001.jpg,Zimmermann-06-072-001,"Zimmermann, Karl",1978-09-23,"Chicago, South Shore + South Bend, ""Little Joe"" freight motor, 9/23/78",,,,,United States,North and Central America,,,,,Still Image,image/jpeg,,© Center for Railroad Photography and Art,,6 x 6 cm,,Black-and-white film; Acetate film
Zimmermann-06-072-005,access-zimmermann-06-072-005.jpg,Zimmermann-06-072-005,"Zimmermann, Karl",1978-09-23,"Chicago, South Shore + South Bend, ""Little Joe"" freight motor, 9/23/78",,,,,United States,North and Central America,,,,,Still Image,image/jpeg,,© Center for Railroad Photography and Art,,6 x 6 cm,,Black-and-white film; Acetate film
Zimmermann-06-073-002,access-zimmermann-06-073-002.jpg,Zimmermann-06-073-002,"Zimmermann, Karl",1978-09-23,"Chicago, South Shore + South Bend, Michigan City, 9/23/78",,Michigan City,,Indiana,United States,North and Central America,,,,,Still Image,image/jpeg,,© Center for Railroad Photography and Art,,6 x 6 cm,Chicago South Shore & South Bend Railroad CSS,Black-and-white film; Acetate film
Zimmermann-06-073-010,access-zimmermann-06-073-010.jpg,Zimmermann-06-073-010,"Zimmermann, Karl",1978-09-23,"Chicago, South Shore + South Bend, Michigan City, 9/23/78",,Michigan City,,Indiana,United States,North and Central America,,,,,Still Image,image/jpeg,,© Center for Railroad Photography and Art,,6 x 6 cm,Chicago South Shore & South Bend Railroad CSS,Black-and-white film; Acetate film
Zimmermann-06-074-010,access-zimmermann-06-074-010.jpg,Zimmermann-06-074-010,"Zimmermann, Karl",1978-09-23,"Chicago, South Shore + South Bend, Michigan City, 9/23/78",,Michigan City,,Indiana,United States,North and Central America,,,,,Still Image,image/jpeg,,© Center for Railroad Photography and Art,,6 x 6 cm,Chicago South Shore & South Bend Railroad CSS,Black-and-white film; Acetate film
Zimmermann-06-075-004,access-zimmermann-06-075-004.jpg,Zimmermann-06-075-004,"Zimmermann, Karl",1978-09-24,"Chicago, South Shore + South Bend, Michigan City, 9/24/78",,Michigan City,,Indiana,United States,North and Central America,,,,,Still Image,image/jpeg,,© Center for Railroad Photography and Art,,6 x 6 cm,Chicago South Shore & South Bend Railroad CSS,Black-and-white film; Acetate film
Zimmermann-06-075-008,access-zimmermann-06-075-008.jpg,Zimmermann-06-075-008,"Zimmermann, Karl",1978-09-24,"Chicago, South Shore + South Bend, Beverly Shores, 9/24/78",,Beverly Shores,,Indiana,United States,North and Central America,,,,,Still Image,image/jpeg,,© Center for Railroad Photography and Art,,6 x 6 cm,Chicago South Shore & South Bend Railroad CSS,Black-and-white film; Acetate film
Zimmermann-06-075-010,access-zimmermann-06-075-010.jpg,Zimmermann-06-075-010,"Zimmermann, Karl",1978-09-24,"Chicago, South Shore + South Bend, Beverly Shores, 9/24/78",,Beverly Shores,,Indiana,United States,North and Central America,,,,,Still Image,image/jpeg,,© Center for Railroad Photography and Art,,6 x 6 cm,Chicago South Shore & South Bend Railroad CSS,Black-and-white film; Acetate film
Zimmermann-06-076-009,access-zimmermann-06-076-009.jpg,Zimmermann-06-076-009,"Zimmermann, Karl",1978-09-24,"Chicago, South Shore + South Bend, Gary, 9/24/78",,Gary,,Indiana,United States,North and Central America,,,,,Still Image,image/jpeg,,© Center for Railroad Photography and Art,,6 x 6 cm,Chicago South Shore & South Bend Railroad CSS,Black-and-white film; Acetate film
Zimmermann-06-076-010,access-zimmermann-06-076-010.jpg,Zimmermann-06-076-010,"Zimmermann, Karl",1978-10-27,"Amtrak turboliner, Rondout, IL, 10/27/78",,Rondout,,Illinois,United States,North and Central America,,,,,Still Image,image/jpeg,,© Center for Railroad Photography and Art,,6 x 6 cm,Amtrak (National Railroad Passenger Corporation) AMTK,Black-and-white film; Acetate film
Zimmermann-06-077-008,access-zimmermann-06-077-008.jpg,Zimmermann-06-077-008,"Zimmermann, Karl",1978-11-17,"Chicago, South Shore + South Bend, Gary, 11/17/78",,Gary,,Indiana,United States,North and Central America,,,,,Still Image,image/jpeg,,© Center for Railroad Photography and Art,,6 x 6 cm,Chicago South Shore & South Bend Railroad CSS,Black-and-white film; Acetate film
Zimmermann-06-077-009,access-zimmermann-06-077-009.jpg,Zimmermann-06-077-009,"Zimmermann, Karl",1978-11-17,"Chicago, South Shore + South Bend, Gary, 11/17/78",,Gary,,Indiana,United States,North and Central America,,,,,Still Image,image/jpeg,,© Center for Railroad Photography and Art,,6 x 6 cm,Chicago South Shore & South Bend Railroad CSS,Black-and-white film; Acetate film
Zimmermann-06-077-011,access-zimmermann-06-077-011.jpg,Zimmermann-06-077-011,"Zimmermann, Karl",1978-11-17,"Chicago, South Shore + South Bend, Gary, 11/17/78",,Gary,,Indiana,United States,North and Central America,,,,,Still Image,image/jpeg,,© Center for Railroad Photography and Art,,6 x 6 cm,Chicago South Shore & South Bend Railroad CSS,Black-and-white film; Acetate film
Zimmermann-06-078-005,access-zimmermann-06-078-005.jpg,Zimmermann-06-078-005,"Zimmermann, Karl",1978-11-18,"Chicago, South Shore + South Bend, Gary, 11/18/78",,Gary,,Indiana,United States,North and Central America,,,,,Still Image,image/jpeg,,© Center for Railroad Photography and Art,,6 x 6 cm,Chicago South Shore & South Bend Railroad CSS,Black-and-white film; Acetate film
Zimmermann-06-078-011,access-zimmermann-06-078-011.jpg,Zimmermann-06-078-011,"Zimmermann, Karl",1978-11-18,"Chicago, South Shore + South Bend, Gary, 11/18/78",,Gary,,Indiana,United States,North and Central America,,,,,Still Image,image/jpeg,,© Center for Railroad Photography and Art,,6 x 6 cm,Chicago South Shore & South Bend Railroad CSS,Black-and-white film; Acetate film
Zimmermann-06-079-001,access-zimmermann-06-079-001.jpg,Zimmermann-06-079-001,"Zimmermann, Karl",1978-11-18,"Chicago, South Shore + South Bend, (location illegible), 11/18/78",,,,,United States,North and Central America,,,,,Still Image,image/jpeg,,© Center for Railroad Photography and Art,,6 x 6 cm,Chicago South Shore & South Bend Railroad CSS,Black-and-white film; Acetate film
Zimmermann-06-079-002,access-zimmermann-06-079-002.jpg,Zimmermann-06-079-002,"Zimmermann, Karl",1978-11-18,"Chicago, South Shore + South Bend, (location illegible), 11/18/78",,,,,United States,North and Central America,,,,,Still Image,image/jpeg,,© Center for Railroad Photography and Art,,6 x 6 cm,Chicago South Shore & South Bend Railroad CSS,Black-and-white film; Acetate film
Zimmermann-06-079-005,access-zimmermann-06-079-005.jpg,Zimmermann-06-079-005,"Zimmermann, Karl",1978-11-18,"Chicago, South Shore + South Bend, (location illegible), 11/18/78",,,,,United States,North and Central America,,,,,Still Image,image/jpeg,,© Center for Railroad Photography and Art,,6 x 6 cm,Chicago South Shore & South Bend Railroad CSS,Black-and-white film; Acetate film
Zimmermann-06-079-011,access-zimmermann-06-079-011.jpg,Zimmermann-06-079-011,"Zimmermann, Karl",1978-11-18,"Chicago, South Shore + South Bend, (location illegible), 11/18/78",,,,,United States,North and Central America,,,,,Still Image,image/jpeg,,© Center for Railroad Photography and Art,,6 x 6 cm,Chicago South Shore & South Bend Railroad CSS,Black-and-white film; Acetate film
Zimmermann-06-080-002,access-zimmermann-06-080-002.jpg,Zimmermann-06-080-002,"Zimmermann, Karl",1978-12-02,"Chicago, South Shore + South Bend, Michigan City, 12/2/1978",,Michigan City,,Indiana,United States,North and Central America,,,,,Still Image,image/jpeg,,© Center for Railroad Photography and Art,,6 x 6 cm,Chicago South Shore & South Bend Railroad CSS,Black-and-white film; Acetate film
Zimmermann-06-081-008,access-zimmermann-06-081-008.jpg,Zimmermann-06-081-008,"Zimmermann, Karl",1979-01-06,"Pullman, IL, 1/6/1979, Hotel Florence",,Pullman,,Illinois,United States,North and Central America,,,,,Still Image,image/jpeg,,© Center for Railroad Photography and Art,,6 x 6 cm,,Black-and-white film; Acetate film
Zimmermann-06-082-004,access-zimmermann-06-082-004.jpg,Zimmermann-06-082-004,"Zimmermann, Karl",1979-01-06,"Pullman historic district administation building and works, 1/6/1979",,Pullman,,Illinois,United States,North and Central America,,,,,Still Image,image/jpeg,,© Center for Railroad Photography and Art,,6 x 6 cm,,Black-and-white film; Acetate film
Zimmermann-06-082-008,access-zimmermann-06-082-008.jpg,Zimmermann-06-082-008,"Zimmermann, Karl",1979-01-06,"Amtrak, Roosevelt Rd (Chicago Union Station), 1/6/1979",,Chicago,,Illinois,United States,North and Central America,,,,,Still Image,image/jpeg,,© Center for Railroad Photography and Art,,6 x 6 cm,Amtrak (National Railroad Passenger Corporation) AMTK,Black-and-white film; Acetate film
Zimmermann-06-082-012,access-zimmermann-06-082-012.jpg,Zimmermann-06-082-012,"Zimmermann, Karl",1979-01-06,"Amtrak, Southwest Ltd, Roosevelt Rd (Chicago Union Station), 1/6/1979",,Chicago,,Illinois,United States,North and Central America,,,,,Still Image,image/jpeg,,© Center for Railroad Photography and Art,,6 x 6 cm,Amtrak (National Railroad Passenger Corporation) AMTK,Black-and-white film; Acetate film
Zimmermann-06-083-005,access-zimmermann-06-083-005.jpg,Zimmermann-06-083-005,"Zimmermann, Karl",1979-01-19,"Rondout, 1/19/1979",,Rondout,,Illinois,United States,North and Central America,,,,,Still Image,image/jpeg,,© Center for Railroad Photography and Art,,6 x 6 cm,,Black-and-white film; Acetate film
Zimmermann-06-083-010,access-zimmermann-06-083-010.jpg,Zimmermann-06-083-010,"Zimmermann, Karl",1979-02-19,"Rondout, 2/19/1979",,Rondout,,Illinois,United States,North and Central America,,,,,Still Image,image/jpeg,,© Center for Railroad Photography and Art,,6 x 6 cm,,Black-and-white film; Acetate film
Zimmermann-06-085-008,access-zimmermann-06-085-008.jpg,Zimmermann-06-085-008,"Zimmermann, Karl",1979-05-25,"Spartan (Chessie System, ex C&O, ex Pere Marquette), Milwaukee, 5/25/1979",,Milwaukee,,Wisconsin,United States,North and Central America,,,,,Still Image,image/jpeg,,© Center for Railroad Photography and Art,,6 x 6 cm,Chessie System,Black-and-white film; Acetate film
Zimmermann-06-086-010,access-zimmermann-06-086-010.jpg,Zimmermann-06-086-010,"Zimmermann, Karl",1979-05-26,"Spartan (Chessie System, ex C&O, ex Pere Marquette), Manitowoc, 5/26/1979",,Manitowoc,,Wisconsin,United States,North and Central America,,,,,Still Image,image/jpeg,,© Center for Railroad Photography and Art,,6 x 6 cm,Chessie System,Black-and-white film; Acetate film
Zimmermann-06-088-005,access-zimmermann-06-088-005.jpg,Zimmermann-06-088-005,"Zimmermann, Karl",1979-05-26,"Chessie System Badger, Manitowoc, 5/26/1979",,Manitowoc,,Wisconsin,United States,North and Central America,,,,,Still Image,image/jpeg,,© Center for Railroad Photography and Art,,6 x 6 cm,Chessie System,Black-and-white film; Acetate film
Zimmermann-06-088-008,access-zimmermann-06-088-008.jpg,Zimmermann-06-088-008,"Zimmermann, Karl",1979-05-26,"Ann Arbor Viking, Kewaunee, 5/26/1979, #7 Green Bay & Western",,Kewaunee,,Wisconsin,United States,North and Central America,,,,,Still Image,image/jpeg,,© Center for Railroad Photography and Art,,6 x 6 cm,Ann Arbor Railroad AA; Green Bay & Western Railroad GBW,Black-and-white film; Acetate film
Zimmermann-06-089-004,access-zimmermann-06-089-004.jpg,Zimmermann-06-089-004,"Zimmermann, Karl",1979-05-26,"Ann Arbor Viking, Kewaunee, 5/26/1979",,Kewaunee,,Wisconsin,United States,North and Central America,,,,,Still Image,image/jpeg,,© Center for Railroad Photography and Art,,6 x 6 cm,Ann Arbor Railroad AA,Black-and-white film; Acetate film
Zimmermann-06-089-010,access-zimmermann-06-089-010.jpg,Zimmermann-06-089-010,"Zimmermann, Karl",1979-05-26,"Ann Arbor Viking, Kewaunee, 5/26/1979",,Kewaunee,,Wisconsin,United States,North and Central America,,,,,Still Image,image/jpeg,,© Center for Railroad Photography and Art,,6 x 6 cm,Ann Arbor Railroad AA,Black-and-white film; Acetate film
Zimmermann-06-089-011,access-zimmermann-06-089-011.jpg,Zimmermann-06-089-011,"Zimmermann, Karl",1979-05-26,"Ann Arbor Viking, Kewaunee, 5/26/1979",,Kewaunee,,Wisconsin,United States,North and Central America,,,,,Still Image,image/jpeg,,© Center for Railroad Photography and Art,,6 x 6 cm,Ann Arbor Railroad AA,Black-and-white film; Acetate film
Zimmermann-06-090-001,access-zimmermann-06-090-001.jpg,Zimmermann-06-090-001,"Zimmermann, Karl",1979-05-26,"Aboard Ann Arbor Viking, Kewaunee, 5/26/1979",,Kewaunee,,Wisconsin,United States,North and Central America,,,,,Still Image,image/jpeg,,© Center for Railroad Photography and Art,,6 x 6 cm,Ann Arbor Railroad AA,Black-and-white film; Acetate film
Zimmermann-06-091-002,access-zimmermann-06-091-002.jpg,Zimmermann-06-091-002,"Zimmermann, Karl",1979-05-26,"Ann Arbor Viking, Kewaunee, 5/26/1979, Green Bay & Western",,Kewaunee,,Wisconsin,United States,North and Central America,,,,,Still Image,image/jpeg,,© Center for Railroad Photography and Art,,6 x 6 cm,Ann Arbor Railroad AA; Green Bay & Western Railroad GBW,Black-and-white film; Acetate film
Zimmermann-06-091-011,access-zimmermann-06-091-011.jpg,Zimmermann-06-091-011,"Zimmermann, Karl",1979-05-26,"Ann Arbor City of Milwaukee, Kewaunee, 5/26/1979",,Kewaunee,,Wisconsin,United States,North and Central America,,,,,Still Image,image/jpeg,,© Center for Railroad Photography and Art,,6 x 6 cm,Ann Arbor Railroad AA,Black-and-white film; Acetate film
Zimmermann-06-092-003,access-zimmermann-06-092-003.jpg,Zimmermann-06-092-003,"Zimmermann, Karl",1979-05-26,"Ann Arbor City of Milwaukee, Kewaunee, 5/26/1979",,Kewaunee,,Wisconsin,United States,North and Central America,,,,,Still Image,image/jpeg,,© Center for Railroad Photography and Art,,6 x 6 cm,Ann Arbor Railroad AA,Black-and-white film; Acetate film
Zimmermann-06-092-007,access-zimmermann-06-092-007.jpg,Zimmermann-06-092-007,"Zimmermann, Karl",1979-05-27,"Ann Arbor City of Milwaukee, at sea, 5/27/1979",,,,,United States,North and Central America,,,,,Still Image,image/jpeg,,© Center for Railroad Photography and Art,,6 x 6 cm,Ann Arbor Railroad AA,Black-and-white film; Acetate film
Zimmermann-06-092-010,access-zimmermann-06-092-010.jpg,Zimmermann-06-092-010,"Zimmermann, Karl",1979-05-27,"Ann Arbor City of Milwaukee, at sea, 5/27/1979",,,,,United States,North and Central America,,,,,Still Image,image/jpeg,,© Center for Railroad Photography and Art,,6 x 6 cm,Ann Arbor Railroad AA,Black-and-white film; Acetate film
Zimmermann-06-093-003,access-zimmermann-06-093-003.jpg,Zimmermann-06-093-003,"Zimmermann, Karl",1979-05-27,"Ann Arbor City of Milwaukee, Kewaunee, 5/27/1979",,Kewaunee,,Wisconsin,United States,North and Central America,,,,,Still Image,image/jpeg,,© Center for Railroad Photography and Art,,6 x 6 cm,Ann Arbor Railroad AA,Black-and-white film; Acetate film
Zimmermann-06-094-004,access-zimmermann-06-094-004.jpg,Zimmermann-06-094-004,"Zimmermann, Karl",1979-07-02,"Amtrak North Star, Deerfield, IL, 7/2/79",,Deerfield,,Illinois,United States,North and Central America,,,,,Still Image,image/jpeg,,© Center for Railroad Photography and Art,,6 x 6 cm,Amtrak (National Railroad Passenger Corporation) AMTK,Black-and-white film; Acetate film
Zimmermann-06-094-008,access-zimmermann-06-094-008.jpg,Zimmermann-06-094-008,"Zimmermann, Karl",1979-07-02,"CNW, 7/2/79, Glencoe, IL",,Glencoe,,Illinois,United States,North and Central America,,,,,Still Image,image/jpeg,,© Center for Railroad Photography and Art,,6 x 6 cm,Chicago & North Western Railway CNW,Black-and-white film; Acetate film
Zimmermann-06-094-011,access-zimmermann-06-094-011.jpg,Zimmermann-06-094-011,"Zimmermann, Karl",1979-07-02,"CNW, 7/2/79, Glencoe, IL",,Glencoe,,Illinois,United States,North and Central America,,,,,Still Image,image/jpeg,,© Center for Railroad Photography and Art,,6 x 6 cm,Chicago & North Western Railway CNW,Black-and-white film; Acetate film
Zimmermann-06-094-012,access-zimmermann-06-094-012.jpg,Zimmermann-06-094-012,"Zimmermann, Karl",1979-07-02,"CNW, 7/2/79, Hubbard Woods, IL",,Winnetka,,Illinois,United States,North and Central America,,,,,Still Image,image/jpeg,,© Center for Railroad Photography and Art,,6 x 6 cm,Chicago & North Western Railway CNW,Black-and-white film; Acetate film
Zimmermann-06-095-001,access-zimmermann-06-095-001.jpg,Zimmermann-06-095-001,"Zimmermann, Karl",1979-07-02,"CNW, 7/2/79, Hubbard Woods, IL",,Winnetka,,Illinois,United States,North and Central America,,,,,Still Image,image/jpeg,,© Center for Railroad Photography and Art,,6 x 6 cm,Chicago & North Western Railway CNW,Black-and-white film; Acetate film
Zimmermann-06-095-005,access-zimmermann-06-095-005.jpg,Zimmermann-06-095-005,"Zimmermann, Karl",1979-07-02,"CNW, 7/2/79, Glencoe, IL",,Glencoe,,Illinois,United States,North and Central America,,,,,Still Image,image/jpeg,,© Center for Railroad Photography and Art,,6 x 6 cm,Chicago & North Western Railway CNW,Black-and-white film; Acetate film
Zimmermann-06-095-006,access-zimmermann-06-095-006.jpg,Zimmermann-06-095-006,"Zimmermann, Karl",1979-07-02,"CNW, 7/2/79, Glencoe, IL",,Glencoe,,Illinois,United States,North and Central America,,,,,Still Image,image/jpeg,,© Center for Railroad Photography and Art,,6 x 6 cm,Chicago & North Western Railway CNW,Black-and-white film; Acetate film
Zimmermann-06-096-001,access-zimmermann-06-096-001.jpg,Zimmermann-06-096-001,"Zimmermann, Karl",1979-07-02,"CNW, 7/2/79, Lake Forest, IL",,Lake Forest,,Illinois,United States,North and Central America,,,,,Still Image,image/jpeg,,© Center for Railroad Photography and Art,,6 x 6 cm,Chicago & North Western Railway CNW,Black-and-white film; Acetate film
Zimmermann-06-096-005,access-zimmermann-06-096-005.jpg,Zimmermann-06-096-005,"Zimmermann, Karl",1979-07-04,"Illinois Zephyr & suburban, Naperville, IL, 7/4/1979",,Naperville,,Illinois,United States,North and Central America,,,,,Still Image,image/jpeg,,© Center for Railroad Photography and Art,,6 x 6 cm,Amtrak (National Railroad Passenger Corporation) AMTK,Black-and-white film; Acetate film
Zimmermann-06-096-008,access-zimmermann-06-096-008.jpg,Zimmermann-06-096-008,"Zimmermann, Karl",1979-07-04,"Burlington Northern, Naperville, IL, 7/4/1979",,Naperville,,Illinois,United States,North and Central America,,,,,Still Image,image/jpeg,,© Center for Railroad Photography and Art,,6 x 6 cm,Burlington Northern Railroad BN,Black-and-white film; Acetate film
Zimmermann-06-096-011,access-zimmermann-06-096-011.jpg,Zimmermann-06-096-011,"Zimmermann, Karl",1979-07-04,"San Francisco Zephyr, Naperville, IL, 7/4/1979",,Naperville,,Illinois,United States,North and Central America,,,,,Still Image,image/jpeg,,© Center for Railroad Photography and Art,,6 x 6 cm,Amtrak (National Railroad Passenger Corporation) AMTK,Black-and-white film; Acetate film
Zimmermann-06-096-012,access-zimmermann-06-096-012.jpg,Zimmermann-06-096-012,"Zimmermann, Karl",1979-07-04,"San Francisco Zephyr, Naperville, IL, 7/4/1979",,Naperville,,Illinois,United States,North and Central America,,,,,Still Image,image/jpeg,,© Center for Railroad Photography and Art,,6 x 6 cm,Amtrak (National Railroad Passenger Corporation) AMTK,Black-and-white film; Acetate film
Zimmermann-06-097-003,access-zimmermann-06-097-003.jpg,Zimmermann-06-097-003,"Zimmermann, Karl",1979-07-05,"Rock Island, Joliet, IL, 7/5/79",,Joliet,,Illinois,United States,North and Central America,,,,,Still Image,image/jpeg,,© Center for Railroad Photography and Art,,6 x 6 cm,"Chicago, Rock Island & Pacific Railroad CRIP",Black-and-white film; Acetate film
Zimmermann-06-097-006,access-zimmermann-06-097-006.jpg,Zimmermann-06-097-006,"Zimmermann, Karl",1979-07-05,"Bruce Sterzing and Edward W. King, Jr., chief operating officer and manager of suburban and passenger operations, Rock Island, Joliet, IL, 7/5/79",,Joliet,,Illinois,United States,North and Central America,,,,,Still Image,image/jpeg,,© Center for Railroad Photography and Art,,6 x 6 cm,"Chicago, Rock Island & Pacific Railroad CRIP",Black-and-white film; Acetate film
Zimmermann-06-098-005,access-zimmermann-06-098-005.jpg,Zimmermann-06-098-005,"Zimmermann, Karl",1979-07-05,"Amtrak Lake Shore Ltd. #49, Roosevelt Rd (Chicago Union Station), 7/5/1979",,Chicago,,Illinois,United States,North and Central America,,,,,Still Image,image/jpeg,,© Center for Railroad Photography and Art,,6 x 6 cm,Amtrak (National Railroad Passenger Corporation) AMTK,Black-and-white film; Acetate film
Zimmermann-06-098-008,access-zimmermann-06-098-008.jpg,Zimmermann-06-098-008,"Zimmermann, Karl",1979-07-05,"Amtrak Lake Shore Ltd. #48, Roosevelt Rd (Chicago Union Station), 7/5/1979",,Chicago,,Illinois,United States,North and Central America,,,,,Still Image,image/jpeg,,© Center for Railroad Photography and Art,,6 x 6 cm,Amtrak (National Railroad Passenger Corporation) AMTK,Black-and-white film; Acetate film
Zimmermann-06-098-012,access-zimmermann-06-098-012.jpg,Zimmermann-06-098-012,"Zimmermann, Karl",1979-07-05,"Amtrak Lake Shore Ltd. #48, Roosevelt Rd (Chicago Union Station), 7/5/1979",,Chicago,,Illinois,United States,North and Central America,,,,,Still Image,image/jpeg,,© Center for Railroad Photography and Art,,6 x 6 cm,Amtrak (National Railroad Passenger Corporation) AMTK,Black-and-white film; Acetate film
Zimmermann-06-099-003,access-zimmermann-06-099-003.jpg,Zimmermann-06-099-003,"Zimmermann, Karl",1979-07-05,"Amtrak SFZ #6 backing out, Roosevelt Rd (Chicago Union Station), 7/5/1979",,Chicago,,Illinois,United States,North and Central America,,,,,Still Image,image/jpeg,,© Center for Railroad Photography and Art,,6 x 6 cm,Amtrak (National Railroad Passenger Corporation) AMTK,Black-and-white film; Acetate film
Zimmermann-06-099-006,access-zimmermann-06-099-006.jpg,Zimmermann-06-099-006,"Zimmermann, Karl",1979-07-05,"Amtrak Broadway #40, Roosevelt Rd (Chicago Union Station), 7/5/1979",,Chicago,,Illinois,United States,North and Central America,,,,,Still Image,image/jpeg,,© Center for Railroad Photography and Art,,6 x 6 cm,Amtrak (National Railroad Passenger Corporation) AMTK,Black-and-white film; Acetate film
Zimmermann-06-099-009,access-zimmermann-06-099-009.jpg,Zimmermann-06-099-009,"Zimmermann, Karl",1979-07-05,"Amtrak The Blue Water Ltd. #364, Roosevelt Rd (Chicago Union Station), 7/5/1979",,Chicago,,Illinois,United States,North and Central America,,,,,Still Image,image/jpeg,,© Center for Railroad Photography and Art,,6 x 6 cm,Amtrak (National Railroad Passenger Corporation) AMTK,Black-and-white film; Acetate film
Zimmermann-06-100-004,access-zimmermann-06-100-004.jpg,Zimmermann-06-100-004,"Zimmermann, Karl",1979-07-05,"Burlington Northern, Roosevelt Rd (Chicago Union Station), 7/5/1979",,Chicago,,Illinois,United States,North and Central America,,,,,Still Image,image/jpeg,,© Center for Railroad Photography and Art,,6 x 6 cm,Burlington Northern Railroad BN,Black-and-white film; Acetate film
Zimmermann-06-100-009,access-zimmermann-06-100-009.jpg,Zimmermann-06-100-009,"Zimmermann, Karl",1979-07-05,"Amtrak Lone Star #15, Roosevelt Rd (Chicago Union Station), 7/5/1979",,Chicago,,Illinois,United States,North and Central America,,,,,Still Image,image/jpeg,,© Center for Railroad Photography and Art,,6 x 6 cm,Amtrak (National Railroad Passenger Corporation) AMTK,Black-and-white film; Acetate film